{
  "products": [
    {
      "id": 1,
      "name": "Moto G5",
      "quantity": 2,
      "price": 13000
    },
    {
      "id": 2,
      "name": "Racold Geyser",
      "quantity": 3,
      "price": 6000
    },
    {
      "id": 3,
      "name": "Dell Inspiron",
      "quantity": 4,
      "price": 50000
    },
    {
      "id": 4,
      "name": "Epson Printer",
      "quantity": 1,
      "price": 9500
    },
    {
      "name": "Lenovo G50",
      "quantity": 1,
      "price": 50000,
      "id": 5
    },
    {
      "name": "ASUS",
      "quantity": 2,
      "price": 3000,
      "id": 6
    },
    {
      "name": "ACER SWIFT",
      "quantity": 4,
      "price": 50000,
      "id": 7
    }
  ]
}